module_id,title,audience_roles,objectives,format,duration_minutes,assessment,pass_mark,refresh_months,grants,evidences
M1-ai-basics,What AI is and where it fails,all staff,Recognise AI in tools and processes; name typical failure modes; know how to report a problem,e-learning,30,quiz,70,24,,EU AI Act Art. 4; ISO/IEC 42001 7.3
M2-acceptable-use,Acceptable use of generative AI,all staff and contractors,Know the approved tools; the data classes each may receive; and what never to enter,e-learning with attestation,20,attestation,,12,use of approved generative AI tools,EU AI Act Art. 4; ISO/IEC 42001 7.3
M3-privacy-and-ai,Personal data in AI systems,builders; product owners; privacy champions,Spot when a use case needs a DPIA addendum; record lawful basis per dataset; handle rights requests that touch models,workshop,90,case exercise,75,24,,GDPR Art. 35; ISO/IEC 42001 7.2
M4-human-oversight,Human oversight of decision-support systems,operators and reviewers of AI-supported decisions,Read the instructions for use; interpret scores and reason codes; resist automation bias; override and escalate correctly,workshop with simulation,120,scenario test,75,12,decide and override with the named system,EU AI Act Art. 14; EU AI Act Art. 26(2); NIST AI RMF MAP 3.4
M5-agent-operations,Operating AI agents,agent owners and on-call engineers,Register an agent; scope its tools and spend; run and drill the kill switch; read agent traces,hands-on lab,120,lab check,80,12,owner or on-call for registered agents,EU AI Act Art. 14; NIST AI RMF MANAGE 2.4
M6-governance-as-code,Governance-as-code for builders,engineers and data scientists,Write a policy card rule; add a blocking eval suite; emit evidence records; pass the release gate,hands-on lab,180,lab check,80,24,merge rights on governed repositories,ISO/IEC 42001 A.6; NIST AI RMF GOVERN 1.4
M7-incidents,AI incidents and reporting clocks,incident desk; system owners; legal,Open and triage an AI incident; run the reporting assessment; run a post-incident review,tabletop exercise,90,tabletop participation,,12,incident desk rota,EU AI Act Art. 73; NIST AI RMF MANAGE 4.3
M8-procurement,Buying AI,procurement and third-party risk,Flag AI in a purchase; send and assess the due-diligence questionnaire; turn gaps into contract conditions,workshop,60,case exercise,70,24,approve AI purchases,ISO/IEC 42001 A.10; NIST AI RMF GOVERN 6.1
M9-leadership,AI governance for executives and board members,board; executives; committee members,Read the AI portfolio and risk position; know what decisions are reserved to the committee and board,briefing,60,none,,12,committee membership,NIST AI RMF GOVERN 2.3; ISO/IEC 42001 5.3
